{"name":"LogisticRegression","numSteps":1000,"learningRate":0.005,"numberClasses":2,"classifiers":[{"numSteps":1000,"learningRate":0.005,"weights":[[5.899315269327747,-218.9167804514304,-42.9348727908193,30.91359614027271]]},{"numSteps":1000,"learningRate":0.005,"weights":[[11.106566546454196,219.72304289364394,44.16025667929951,-54.02748544564488]]}]}