{"name":"LogisticRegression","numSteps":1000,"learningRate":0.005,"numberClasses":2,"classifiers":[{"numSteps":1000,"learningRate":0.005,"weights":[[-32.191072337512324,-188.83077330457104,-71.5579098548466,4.105154045959004]]},{"numSteps":1000,"learningRate":0.005,"weights":[[12.93167717804186,190.6351795566806,71.7847768188168,-34.82110995798831]]}]}